GO
CREATE DATABASE QLBD

GO
USE QLBD

GO
CREATE TABLE ACCOUNT
(
	USERNAME VARCHAR(100) primary key,
	DISPLAYNAME NVARCHAR(100) NOT NULL,
	PASSWORD VARCHAR(1000) NOT NULL,
	ACCOUNTTYPE INT NOT NULL
)

GO
CREATE TABLE CLUB
(
	CLUBID INT PRIMARY KEY,
	CLUBNAME NVARCHAR(100) NOT NULL,
	CLUBSHORTNAME VARCHAR(6) UNIQUE NOT NULL,
	ESTABLISHEDYEAR INT NOT NULL,
	HOMEFIELD NVARCHAR(100) NOT NULL
)
GO
CREATE TABLE PLAYERTYPE
(
	PLAYERTYPEID INT PRIMARY KEY,
	PLAYERTYPENAME NVARCHAR(100)
)
GO
CREATE TABLE PLAYER
(
	PLAYERID INT PRIMARY KEY,
	CLUBID INT REFERENCES CLUB(CLUBID) ON DELETE CASCADE ON UPDATE CASCADE,
	PLAYERTYPEID INT REFERENCES PLAYERTYPE(PLAYERTYPEID), 
	NAME NVARCHAR(100) NOT NULL,
	POSITION NVARCHAR(100) NOT NULL,
	NATIONALITY NVARCHAR(100) NOT NULL,
	BIRTHDAY DATE NOT NULL,
	AGE INT NULL,
	HEIGHT INT NOT NULL,
	WEIGHT INT NOT NULL
)

GO
CREATE TABLE ROUND
(
	ROUNDID INT PRIMARY KEY,
	ROUNDNAME VARCHAR(100)
)
GO
CREATE TABLE MATCH
(
	MATCHID INT PRIMARY KEY,
	HOMECLUB INT REFERENCES CLUB(CLUBID) NOT NULL,
	AWAYCLUB INT REFERENCES CLUB(CLUBID) NOT NULL,
	HOMESCORE INT DEFAULT NULL,
	AWAYSCORE INT DEFAULT NULL,
	ROUNDID INT REFERENCES ROUND(ROUNDID) NOT NULL,
	MATCHDAY DATE NOT NULL,
	MATCHTIME TIME NOT NULL,
	STADIUM NVARCHAR(100) NOT NULL,
	ISPLAYED BIT DEFAULT 0
)
GO
CREATE TABLE GOALTYPE
(
	GOALTYPEID INT IDENTITY(1,1) PRIMARY KEY,
	GOALTYPENAME NVARCHAR(100) NOT NULL
)

GO
CREATE TABLE GOAL
(
	GOALID INT IDENTITY(1,1) PRIMARY KEY,
	MATCHID INT REFERENCES MATCH(MATCHID) ON DELETE CASCADE ON UPDATE CASCADE NOT NULL,
	CLUBID INT REFERENCES CLUB(CLUBID) NOT NULL,
	PLAYERID INT REFERENCES PLAYER(PLAYERID) ON DELETE CASCADE ON UPDATE CASCADE NOT NULL,
	GOALTYPEID INT REFERENCES GOALTYPE(GOALTYPEID) NOT NULL,
	GOALTIME INT NOT NULL
)

GO
CREATE TABLE CHARTS
(
	CLUBID INT REFERENCES CLUB(CLUBID) PRIMARY KEY,
	MATCHPLAY INT DEFAULT 0,
	WIN INT DEFAULT 0,
	LOSE INT DEFAULT 0,
	DRAW INT DEFAULT 0,
	GOALDIFFERENCE INT DEFAULT 0,
	POINT INT DEFAULT 0,
	GOALTOTAL INT DEFAULT 0
)

GO
CREATE TABLE PARAMETER
(
	MINAGE INT, --Tuổi tối đa của cầu thủ
	MAXAGE INT, --Tuổi tối thiểu của cầu thủ
	MINPLAYER INT, --Số lượng cầu thủ tối đa trong 1 đội
	MAXPLAYER INT, --Số lượng cầu thủ tối thiểu trong 1 đội
	MAXFOREIGNPLAYER INT, --Số lượng cầu thủ nước ngoài tối đa
	GOALTYPEKIND INT,  --Số loại bàn thắng
	MAXGOALTIME INT,  --Thời gian ghi bàn tối đa
	WINSCORE INT,  --Điểm thắng
	LOSESCORE INT, --Điểm thua
	DRAWSCORE INT --Điểm hòa
)

--Trigger
--TRIGGER TĂNG TỈ SỐ KHI THÊM 1 BÀN THẮNG
GO
CREATE TRIGGER TRG_INSERT_GOAL
ON GOAL
FOR INSERT
AS
BEGIN
	DECLARE @MATCHID VARCHAR(6),
			@CLUBID INT
	
	SELECT @MATCHID = I.MATCHID, @CLUBID = I.CLUBID
	FROM INSERTED AS I

	UPDATE MATCH
	SET ISPLAYED = 1
	WHERE MATCHID = @MATCHID

	UPDATE MATCH
	SET HOMESCORE = HOMESCORE + 1
	WHERE HOMECLUB = @CLUBID
	AND MATCHID = @MATCHID

	UPDATE MATCH
	SET AWAYSCORE = AWAYSCORE + 1
	WHERE AWAYCLUB = @CLUBID
	AND MATCHID = @MATCHID
END

--TRIGGER GIẢM TỈ SỐ KHI XÓA 1 BÀN THẮNG
GO
CREATE TRIGGER TRG_DELETE_GOAL
ON GOAL
FOR DELETE
AS
BEGIN
	DECLARE @MATCHID INT,
			@CLUBID INT
	
	SELECT @MATCHID = D.MATCHID, @CLUBID = D.CLUBID
	FROM DELETED AS D

	UPDATE MATCH
	SET HOMESCORE = HOMESCORE - 1
	WHERE HOMECLUB = @CLUBID
	AND MATCHID = @MATCHID

	UPDATE MATCH
	SET AWAYSCORE = AWAYSCORE - 1
	WHERE AWAYCLUB = @CLUBID
	AND MATCHID = @MATCHID
END

--TRIGGER CẬP NHẬT TỈ SỐ KHI CẬP NHẬT BÀN THẮNG
GO
CREATE TRIGGER TRG_UPDATE_GOAL
ON GOAL
FOR UPDATE
AS
BEGIN
	UPDATE MATCH
	SET HOMESCORE = HOMESCORE - 1
	WHERE HOMECLUB = (SELECT D.CLUBID
						FROM DELETED AS D)
	AND MATCHID = (SELECT D.MATCHID
					FROM DELETED AS D)

	UPDATE MATCH
	SET HOMESCORE = HOMESCORE + 1
	WHERE HOMECLUB = (SELECT I.CLUBID
						FROM INSERTED AS I)
	AND MATCHID = (SELECT I.MATCHID
					FROM INSERTED AS I)

	UPDATE MATCH
	SET AWAYSCORE = AWAYSCORE - 1
	WHERE AWAYCLUB = (SELECT D.CLUBID
						FROM DELETED AS D)
	AND MATCHID = (SELECT D.MATCHID
					FROM DELETED AS D)

	UPDATE MATCH
	SET AWAYSCORE = AWAYSCORE + 1
	WHERE AWAYCLUB = (SELECT I.CLUBID
						FROM INSERTED AS I)
	AND MATCHID = (SELECT I.MATCHID
					FROM INSERTED AS I)
END

--TRIGGER TÍNH TUỔI CỦA CẦU THỦ
GO
CREATE TRIGGER TRG_TINHTUOI
ON PLAYER
FOR INSERT, UPDATE
AS
BEGIN
	DECLARE @AGE INT, @PLAYERID INT
	SELECT @PLAYERID = I.PLAYERID FROM INSERTED AS I
	SET @AGE = YEAR(GETDATE()) - (SELECT YEAR(I.BIRTHDAY) FROM INSERTED AS I)
	UPDATE PLAYER SET AGE = @AGE WHERE PLAYERID=@PLAYERID
END
	
--TRIGGER MẶC ĐỊNH SÂN ĐẤU LÀ SÂN NHÀ CỦA ĐỘI 1
GO
CREATE TRIGGER TRG_LOAD_STADIUM
ON MATCH
FOR INSERT, UPDATE
AS
BEGIN
	DECLARE @HOMECLUB INT, @MATCHID INT
	SELECT @HOMECLUB = I.HOMECLUB, @MATCHID= I.MATCHID
		FROM INSERTED AS I
	UPDATE MATCH SET STADIUM =(SELECT HOMEFIELD FROM CLUB WHERE CLUBID=@HOMECLUB)
		WHERE MATCHID=@MATCHID
END

--TRIGGER SỐ LƯỢNG CẦU THỦ TỐI ĐA
GO
CREATE TRIGGER TRG_MAXPLAYER
ON PLAYER
FOR INSERT, UPDATE
AS
BEGIN
	DECLARE @CLUBID INT, @COUNT INT
	SELECT @CLUBID = I.CLUBID FROM INSERTED AS I
	SELECT @COUNT= COUNT(*) FROM PLAYER AS PL WHERE PL.CLUBID=@CLUBID
	IF (@COUNT = (SELECT MAXPLAYER FROM PARAMETER))
	BEGIN
		RAISERROR( 'Số lượng cầu thủ vượt mức tối đa',16,1)
		ROLLBACK TRANSACTION
	END
END

--TRIGGER GIỚI HẠN TUỔI CẦU THỦ
GO
CREATE TRIGGER TRG_PLAYERAGE
ON PLAYER
FOR INSERT, UPDATE
AS
BEGIN
	DECLARE @AGE INT, @YEAR INT
	SET @AGE = YEAR(GETDATE()) - (SELECT YEAR(I.BIRTHDAY) FROM INSERTED AS I)
	IF ((@AGE < (SELECT MINAGE FROM PARAMETER)) OR (@AGE > (SELECT MAXAGE FROM PARAMETER)))
	BEGIN
		RAISERROR('Tuổi của cầu thủ không phù hợp',16,1)
		ROLLBACK TRANSACTION
	END
END

--TRIGGER GIỚI HẠN CẦU THỦ NƯỚC NGOÀI
GO
CREATE TRIGGER TRG_MAXFOREIGNPLAYER
ON PLAYER
FOR INSERT, UPDATE
AS
BEGIN
	DECLARE @CLUBID INT, @COUNT INT, @PLAYERTYPEID INT
	SELECT @CLUBID = I.CLUBID, @PLAYERTYPEID=I.PLAYERTYPEID FROM INSERTED AS I
	IF (@PLAYERTYPEID=2)
	BEGIN
		SELECT @COUNT= COUNT(*) FROM PLAYER AS PL WHERE PL.CLUBID=@CLUBID AND PLAYERTYPEID=2
		IF (@COUNT = (SELECT MAXFOREIGNPLAYER FROM PARAMETER))
		BEGIN
			RAISERROR ('Số cầu thủ ngoại quốc vượt mức cho phép',16,1)
			ROLLBACK TRANSACTION
		END
	END
END

--TRIGGER THOI DIEM GHI BAN
GO
CREATE TRIGGER TRG_GOALTIME
ON GOAL
FOR INSERT, UPDATE
AS
BEGIN 
	DECLARE @GOALID INT, @GOALTIME INT
	SELECT @GOALID=I.GOALID, @GOALTIME= I.GOALTIME FROM INSERTED AS I
	IF (@GOALTIME > (SELECT MAXGOALTIME FROM PARAMETER))
	BEGIN
		RAISERROR ('Thời gian ghi bàn không hợp lệ',16,1)
		ROLLBACK TRANSACTION
	END
END

--Tự động cập nhật Số Loại Bàn Thắng
GO
CREATE TRIGGER ADD_GOALTYPE
ON GOALTYPE
FOR INSERT, UPDATE
AS
BEGIN
	DECLARE @COUNT INT
	SELECT @COUNT=COUNT(*) FROM GOALTYPE
	UPDATE PARAMETER SET GOALTYPEKIND = @COUNT
END

--proceduce
GO
CREATE PROC USP_Login
@userName NVARCHAR(1000), @pass VARCHAR(1000)
AS
BEGIN
	SELECT * FROM dbo.ACCOUNT WHERE USERNAME = @userName AND PASSWORD = @pass
END


--Thêm CLB
GO
CREATE PROC ADD_CLUB
@clubid int, @clubname nvarchar(100), @clubshortname varchar(6), @establishedyear int, @homefield nvarchar(100)
AS
BEGIN
	INSERT dbo.CLUB (CLUBID, CLUBSHORTNAME, CLUBNAME, ESTABLISHEDYEAR, HOMEFIELD) VALUES (@clubid, @clubshortname, @clubname, @establishedyear, @homefield)
END

--Sửa CLB
GO
CREATE PROC UPDATE_CLUB
@clubid int, @clubname nvarchar(100), @clubshortname varchar(6), @establishedyear int, @homefield nvarchar(100)
AS
BEGIN
	UPDATE dbo.CLUB SET CLUBSHORTNAME= @clubshortname, CLUBNAME = @clubname, ESTABLISHEDYEAR = @establishedyear, HOMEFIELD = @homefield
	WHERE CLUBID=@clubid
END

--Thêm cầu thủ
GO
CREATE PROC ADD_PLAYER
@PLAYERID int, @CLUBID INT, @NAME nvarchar(100), @POSITION nvarchar(100), @NATIONALITY NVARCHAR(100), @BIRTHDAY DATETIME, @HEIGHT INT, @WEIGHT INT
AS
BEGIN
	INSERT dbo.PLAYER(PLAYERID, CLUBID, NAME, POSITION, NATIONALITY, BIRTHDAY, HEIGHT, WEIGHT ) VALUES (@PLAYERID, @CLUBID, @NAME, @POSITION, @NATIONALITY, @BIRTHDAY, @HEIGHT, @WEIGHT)
END

--Sửa cầu thủ
GO
CREATE PROC UPDATE_PLAYER
@PLAYERID int, @CLUBID INT, @NAME nvarchar(100), @POSITION nvarchar(100), @NATIONALITY NVARCHAR(100), @BIRTHDAY DATETIME, @HEIGHT INT, @WEIGHT INT
AS
BEGIN
	UPDATE dbo.PLAYER SET CLUBID= @CLUBID, NAME=@NAME, POSITION=@POSITION, NATIONALITY=@NATIONALITY, BIRTHDAY=@BIRTHDAY, HEIGHT=@HEIGHT, WEIGHT=@WEIGHT
	WHERE PLAYERID=@PLAYERID
END

--Them lich thi dau
GO
CREATE PROC ADD_MATCH
@MATCHID INT, @HOMECLUB INT, @AWAYCLUB INT, @ROUNDID INT, @MATCHDAY DATE, @MATCHTIME TIME, @STADIUM NVARCHAR(100)
AS
BEGIN
	INSERT INTO DBO.MATCH (MATCHID, HOMECLUB, AWAYCLUB, ROUNDID, MATCHDAY, MATCHTIME, STADIUM) VALUES (@MATCHID, @HOMECLUB, @AWAYCLUB, @ROUNDID, @MATCHDAY, @MATCHTIME, @STADIUM)
END

--Sua lich thi dau
GO
CREATE PROC UPDATE_MATCH
@MATCHID INT, @HOMECLUB INT, @AWAYCLUB INT, @ROUNDID INT, @MATCHDAY DATE, @MATCHTIME TIME, @STADIUM NVARCHAR(100)
AS
BEGIN
	UPDATE DBO.MATCH SET HOMECLUB=@HOMECLUB, AWAYCLUB=@AWAYCLUB, ROUNDID=@ROUNDID, MATCHDAY=@MATCHDAY, MATCHTIME=@MATCHTIME, STADIUM=@STADIUM
	WHERE MATCHID=@MATCHID
END

--THEM BAN THANG
GO
CREATE PROC ADD_GOAL
@MATCHID INT, @CLUBID INT, @PLAYERID INT, @GOALTYPEID INT, @GOALTIME INT
AS
BEGIN
	INSERT INTO DBO.GOAL (MATCHID, CLUBID, PLAYERID, GOALTYPEID, GOALTIME) VALUES (@MATCHID, @CLUBID, @PLAYERID, @GOALTYPEID, @GOALTIME)
END

--SUA BAN THANG
GO
CREATE PROC UPDATE_GOAL
@GOALID INT, @MATCHID INT, @CLUBID INT, @PLAYERID INT, @GOALTYPEID INT, @GOALTIME INT
AS
BEGIN
	UPDATE DBO.GOAL SET MATCHID=@MATCHID, CLUBID=@CLUBID, PLAYERID=@PLAYERID, GOALTYPEID=@GOALTYPEID, GOALTIME=@GOALTIME
	WHERE GOALID=@GOALID
END

--PROC DANH SÁCH CẦU THỦ GHI BÀN
GO
CREATE PROC DSGHIBAN
@START DATE, @END DATE
AS
BEGIN
	SELECT NAME, CLUBNAME,PLAYERTYPENAME, COUNT(*) AS TOTALGOAL
	FROM PLAYER PL, CLUB CL, PLAYERTYPE PT, GOAL GL, MATCH MA
	WHERE PL.CLUBID=CL.CLUBID AND PL.PLAYERTYPEID = PT.PLAYERTYPEID AND PL.PLAYERID = GL.PLAYERID AND GL.MATCHID = MA.MATCHID AND MA.MATCHDAY<@END AND MA.MATCHDAY>@START
	GROUP BY NAME, CLUBNAME, PLAYERTYPENAME
END

--PROC SO LUONG BAN THANG
GO
CREATE PROC SLGHIBAN
@PLAYERID INT
AS
BEGIN
	SELECT COUNT(*) FROM GOAL WHERE PLAYERID=@PLAYERID
END

--insert dữ liệu
GO
INSERT [dbo].[CLUB] ([CLUBID], [CLUBNAME], [CLUBSHORTNAME], [ESTABLISHEDYEAR], [HOMEFIELD]) VALUES (1, N'Becamex Bình Dương', N'BBD', 1976, N'Gò Đậu')
INSERT [dbo].[CLUB] ([CLUBID], [CLUBNAME], [CLUBSHORTNAME], [ESTABLISHEDYEAR], [HOMEFIELD]) VALUES (2, N'FLC Thanh Hóa', N'FTH', 1962, N'Thanh Hóa')
INSERT [dbo].[CLUB] ([CLUBID], [CLUBNAME], [CLUBSHORTNAME], [ESTABLISHEDYEAR], [HOMEFIELD]) VALUES (3, N'Hà Nội FC', N'HN', 2006, N'Hàng Đẫy')
INSERT [dbo].[CLUB] ([CLUBID], [CLUBNAME], [CLUBSHORTNAME], [ESTABLISHEDYEAR], [HOMEFIELD]) VALUES (4, N'Hải Phòng', N'HP', 2007, N'Lạch Tray')
INSERT [dbo].[CLUB] ([CLUBID], [CLUBNAME], [CLUBSHORTNAME], [ESTABLISHEDYEAR], [HOMEFIELD]) VALUES (5, N'Hoàng Anh Gia Lai', N'HAGL', 2001, N'Pleiku')
INSERT [dbo].[CLUB] ([CLUBID], [CLUBNAME], [CLUBSHORTNAME], [ESTABLISHEDYEAR], [HOMEFIELD]) VALUES (6, N'Sông Lam Nghệ An', N'SLNA', 1979, N'Vinh Vinh')
INSERT [dbo].[CLUB] ([CLUBID], [CLUBNAME], [CLUBSHORTNAME], [ESTABLISHEDYEAR], [HOMEFIELD]) VALUES (7, N'Than Quảng Ninh', N'TQN', 1956, N'Cẩm Phả')
INSERT [dbo].[PLAYERTYPE] ([PLAYERTYPEID], [PLAYERTYPENAME]) VALUES (1, N'Trong nước')
INSERT [dbo].[PLAYERTYPE] ([PLAYERTYPEID], [PLAYERTYPENAME]) VALUES (2, N'Ngoài nước')
INSERT [dbo].[PLAYER] ([PLAYERID], [CLUBID], [PLAYERTYPEID], [NAME], [POSITION], [NATIONALITY], [BIRTHDAY], [AGE], [HEIGHT], [WEIGHT]) VALUES (1, 1, 1, N'Bùi Tấn Trường', N'Thủ môn', N'Việt Nam', CAST(N'1986-02-19' AS Date), 32, 188, 75)
INSERT [dbo].[PLAYER] ([PLAYERID], [CLUBID], [PLAYERTYPEID], [NAME], [POSITION], [NATIONALITY], [BIRTHDAY], [AGE], [HEIGHT], [WEIGHT]) VALUES (2, 1, 1, N'Nguyễn Hùng Thiện Đức', N'Tiền đạo', N'Việt Nam', CAST(N'1997-10-20' AS Date), 20, 184, 65)
INSERT [dbo].[PLAYER] ([PLAYERID], [CLUBID], [PLAYERTYPEID], [NAME], [POSITION], [NATIONALITY], [BIRTHDAY], [AGE], [HEIGHT], [WEIGHT]) VALUES (3, 1, 2, N'Romario Kortzorg', N'Tiền đạo', N'Hà Lan', CAST(N'1989-08-25' AS Date), 28, 178, 70)
INSERT [dbo].[PLAYER] ([PLAYERID], [CLUBID], [PLAYERTYPEID], [NAME], [POSITION], [NATIONALITY], [BIRTHDAY], [AGE], [HEIGHT], [WEIGHT]) VALUES (4, 2, 1, N'Nguyễn Thanh Thắng', N'Thủ môn', N'Việt Nam', CAST(N'1988-12-24' AS Date), 29, 172, 63)
INSERT [dbo].[PLAYER] ([PLAYERID], [CLUBID], [PLAYERTYPEID], [NAME], [POSITION], [NATIONALITY], [BIRTHDAY], [AGE], [HEIGHT], [WEIGHT]) VALUES (5, 2, 1, N'Trần Đình Đồng', N'Hậu vệ', N'Việt Nam', CAST(N'1987-05-20' AS Date), 31, 170, 60)
INSERT [dbo].[PLAYER] ([PLAYERID], [CLUBID], [PLAYERTYPEID], [NAME], [POSITION], [NATIONALITY], [BIRTHDAY], [AGE], [HEIGHT], [WEIGHT]) VALUES (6, 2, 2, N'Pape Omar Faye', N'Tiền đạo', N'Senegal', CAST(N'1987-01-01' AS Date), 31, 188, 78)
INSERT [dbo].[ROUND] ([ROUNDID], [ROUNDNAME]) VALUES (1, N'Vòng 1')
INSERT [dbo].[ROUND] ([ROUNDID], [ROUNDNAME]) VALUES (2, N'Vòng 2')
INSERT [dbo].[MATCH] ([MATCHID], [HOMECLUB], [AWAYCLUB], [HOMESCORE], [AWAYSCORE], [ROUNDID], [MATCHDAY], [MATCHTIME], [STADIUM], [ISPLAYED]) VALUES (1, 1, 2, 2, 1, 1, CAST(N'2018-06-20' AS Date), CAST(N'15:30:00' AS Time), N'Gò Đậu', 1)
INSERT [dbo].[MATCH] ([MATCHID], [HOMECLUB], [AWAYCLUB], [HOMESCORE], [AWAYSCORE], [ROUNDID], [MATCHDAY], [MATCHTIME], [STADIUM], [ISPLAYED]) VALUES (2, 2, 1, NULL, NULL, 2, CAST(N'2018-06-27' AS Date), CAST(N'13:00:00' AS Time), N'Thanh Hóa', 0)
INSERT [dbo].[MATCH] ([MATCHID], [HOMECLUB], [AWAYCLUB], [HOMESCORE], [AWAYSCORE], [ROUNDID], [MATCHDAY], [MATCHTIME], [STADIUM], [ISPLAYED]) VALUES (3, 3, 4, 0, 0, 1, CAST(N'2018-06-20' AS Date), CAST(N'19:00:00' AS Time), N'Hàng Đẫy', 1)
INSERT [dbo].[MATCH] ([MATCHID], [HOMECLUB], [AWAYCLUB], [HOMESCORE], [AWAYSCORE], [ROUNDID], [MATCHDAY], [MATCHTIME], [STADIUM], [ISPLAYED]) VALUES (4, 4, 3, NULL, NULL, 2, CAST(N'2018-06-27' AS Date), CAST(N'16:00:00' AS Time), N'Lạch Tray', 0)
INSERT [dbo].[GOALTYPE] ([GOALTYPEID], [GOALTYPENAME]) VALUES (1, N'Trực tiếp')
INSERT [dbo].[GOALTYPE] ([GOALTYPEID], [GOALTYPENAME]) VALUES (2, N'Phạt đền')
INSERT [dbo].[GOALTYPE] ([GOALTYPEID], [GOALTYPENAME]) VALUES (3, N'Phản lưới nhà')
SET IDENTITY_INSERT [dbo].[GOAL] ON 

INSERT [dbo].[GOAL] ([GOALID], [MATCHID], [CLUBID], [PLAYERID], [GOALTYPEID], [GOALTIME]) VALUES (1, 1, 2, 5, 1, 20)
INSERT [dbo].[GOAL] ([GOALID], [MATCHID], [CLUBID], [PLAYERID], [GOALTYPEID], [GOALTIME]) VALUES (2, 1, 2, 6, 1, 65)
INSERT [dbo].[GOAL] ([GOALID], [MATCHID], [CLUBID], [PLAYERID], [GOALTYPEID], [GOALTIME]) VALUES (3, 2, 1, 2, 2, 45)
SET IDENTITY_INSERT [dbo].[GOAL] OFF
INSERT [dbo].[ACCOUNT] ([USERNAME], [DISPLAYNAME], [PASSWORD], [ACCOUNTTYPE]) VALUES (N'admin', N'admin', N'59113821474147731767615617822114745333', 1)
INSERT [dbo].[PARAMETER] ([PARAID], [MINAGE], [MAXAGE], [MINPLAYER], [MAXPLAYER], [MAXFOREIGNPLAYER], [GOALTYPEKIND], [MAXGOALTIME], [WINSCORE], [LOSESCORE], [DRAWSCORE]) VALUES (N'1', 16, 40, 15, 22, 3, 3, 90, 3, 0, 1)
